method,sample,pearson_r,z_mae,hr_ref_mean_bpm,hr_al_mean_bpm,ibi_rmse_s,coherence_pk_0p8_3Hz
XCORR,sample_0,0.005227396244585595,1.0948954050061863,135.39075720376724,135.3869047619048,0.2542982952423116,
GCC-PHAT,sample_0,0.005227396244585595,1.0948954050061863,135.39075720376724,135.3869047619048,0.2542982952423116,
Peaks+Drift,sample_0,0.01293536187243377,1.090606416104707,135.39075720376724,131.73403466566523,0.2545422176297171,
