method,sample,pearson_r,z_mae,hr_ref_mean_bpm,hr_al_mean_bpm,ibi_rmse_s,coherence_pk_0p8_3Hz
XCORR,sample_5,0.09380417137681377,1.0257647050004786,133.00243208154077,119.69239072127667,0.19584327918052682,
GCC-PHAT,sample_5,0.09380417137681377,1.0257647050004786,133.00243208154077,119.69239072127667,0.19584327918052682,
Peaks+Drift,sample_5,-0.021058109647581095,1.077981190463696,133.00243208154077,112.77262451684307,0.22107183118990756,
