method,sample,pearson_r,z_mae,hr_ref_mean_bpm,hr_al_mean_bpm,ibi_rmse_s,coherence_pk_0p8_3Hz
XCORR,sample_1,0.037005329874590785,1.0586217565901053,146.26113935243552,115.44768239890192,0.338253057399735,
GCC-PHAT,sample_1,0.037005329874590785,1.0586217565901053,146.26113935243552,115.44768239890192,0.338253057399735,
Peaks+Drift,sample_1,0.013799379069608677,1.0614186031763706,146.26113935243552,99.66138819453784,0.4041491758418235,0.06627670480310664
