method,sample,pearson_r,z_mae,hr_ref_mean_bpm,hr_al_mean_bpm,ibi_rmse_s,coherence_pk_0p8_3Hz
XCORR,sample_3,0.03316334651392765,1.045537718229626,159.10114967208418,131.6565349544073,0.21984091002625097,
GCC-PHAT,sample_3,0.03316334651392765,1.045537718229626,159.10114967208418,131.6565349544073,0.21984091002625097,
Peaks+Drift,sample_3,0.058619550020977206,1.0369904450255267,159.10114967208418,119.8033213378201,0.25092290749854157,
