method,sample,pearson_r,z_mae,hr_ref_mean_bpm,hr_al_mean_bpm,ibi_rmse_s,coherence_pk_0p8_3Hz
XCORR,sample_4,0.03824862418204302,1.0781235633354933,139.54540002120086,122.86552701945094,0.2112923024409981,
GCC-PHAT,sample_4,0.03824862418204302,1.0781235633354933,139.54540002120086,122.86552701945094,0.2112923024409981,
Peaks+Drift,sample_4,0.001731337418521773,1.106588256321409,139.54540002120086,105.30420830014508,0.2905096202941738,0.13372228213813514
