method,sample,pearson_r,z_mae,hr_ref_mean_bpm,hr_al_mean_bpm,ibi_rmse_s,coherence_pk_0p8_3Hz
XCORR,sample_2,0.01674971061937444,1.091778979219102,151.09592287044578,124.6084656084656,0.26156222629109765,
GCC-PHAT,sample_2,0.01674971061937444,1.091778979219102,151.09592287044578,124.6084656084656,0.26156222629109765,
Peaks+Drift,sample_2,-0.0025358096882058113,1.0900568352294029,151.09592287044578,104.38514961083759,0.3172458763274065,0.11364022115461098
