method,pearson_r_Mean,pearson_r_Std,z_mae_Mean,z_mae_Std,hr_ref_mean_bpm_Mean,hr_ref_mean_bpm_Std,hr_al_mean_bpm_Mean,hr_al_mean_bpm_Std,ibi_rmse_s_Mean,ibi_rmse_s_Std,coherence_pk_0p8_3Hz_Mean,coherence_pk_0p8_3Hz_Std,Score_Mean,Score_Std,N,Rank
Peaks+Drift,0.010581951507625753,0.026739497937852453,1.0772736243868521,0.02479975139669742,144.06613353357906,9.983910804131623,112.2767877709748,11.878738503166726,0.289740271463595,0.0652803079436408,0.10454640269861759,0.03463018374332934,0.7055555555555556,0.17690759253434069,6,1
GCC-PHAT,0.03736642980188921,0.030534439019354983,1.0657870212301652,0.027343120681539247,144.06613353357906,9.983910804131623,124.9429175774012,7.433767007467945,0.24684834509682005,0.0514236753951083,,,0.29444444444444445,0.17690759253434063,6,2
XCORR,0.03736642980188921,0.030534439019354983,1.0657870212301652,0.027343120681539247,144.06613353357906,9.983910804131623,124.9429175774012,7.433767007467945,0.24684834509682005,0.0514236753951083,,,0.29444444444444445,0.17690759253434063,6,3
